Timestamp,Silence: avoid trifling conversation,Order: let your things have their places,Resolution: resolve to perform what you ought,Frugality: don't pay too much for the whistle,Industry: lose no time,Sincerety: use no hurtful deceit,Justice: wrong none by doing injuries or ommiting benefits,Moderation: avoid extremes,Tranquility: be undisturbed,Humility: immitate Socrates,Did you?
9/18/2023 0:14:21,4,1,8,3,8,5,7,7,5,9,"Drink Last Night, Eat well, Stay Hydrated, Have a lot of work, Interact with others, Was pretty sick"
9/19/2023 1:22:14,5,6,7,9,7,8,8,8,4,3,"Eat well, Stay Hydrated, Exercise, Have a lot of work, Interact with others"
9/20/2023 0:36:49,6,3,9,3,5,2,2,9,1,4,"Get less than 8 hours of sleep, Eat well, Exercise, Enjoy the weather, Interact with others"
9/25/2023 0:40:49,5,7,5,1,6,9,7,5,8,9,"Drink Last Night, Get less than 8 hours of sleep, Interact with others"
9/26/2023 0:38:12,3,7,5,10,3,10,10,7,8,5,"Exercise, Interact with others"
9/28/2023 23:53:22,3,5,8,7,3,5,5,8,7,8,"Drink Last Night, Get less than 8 hours of sleep, Eat well, Stay Hydrated, Exercise, Enjoy the weather, Interact with others"
10/1/2023 9:46:43,3,3,6,3,8,5,5,3,4,5,"Drink Last Night, Get less than 8 hours of sleep, Have a lot of work, Interact with others"
10/2/2023 0:18:02,5,7,7,10,4,7,7,8,4,5,"Eat well, Stay Hydrated, Exercise, Have a lot of work, Enjoy the weather, Interact with others"
10/2/2023 23:55:17,8,6,8,8,5,7,3,7,5,7,"Eat well, Stay Hydrated, Exercise, Have a lot of work, Enjoy the weather, Interact with others"
10/3/2023 23:47:17,7,7,7,10,8,8,8,9,9,5,"Eat well, Stay Hydrated, Exercise, Have a lot of work, Enjoy the weather, Interact with others"
10/5/2023 0:26:21,8,6,7,7,5,3,5,7,7,5,"Get less than 8 hours of sleep, Eat well, Stay Hydrated, Have a lot of work, Enjoy the weather, Interact with others"
10/8/2023 0:44:16,1,5,7,8,5,6,7,9,7,7,"Drink Last Night, Eat well, Stay Hydrated, Exercise, Have a lot of work, Enjoy the weather, Interact with others"
10/9/2023 0:18:44,3,7,8,4,5,8,8,8,8,8,"Drink Last Night, Eat well, Stay Hydrated, Exercise, Enjoy the weather, Interact with others"
10/10/2023 0:36:49,5,7,8,4,7,9,8,5,7,8,"Eat well, Stay Hydrated, Have a lot of work, Enjoy the weather, Interact with others"
10/11/2023 0:08:42,7,8,7,5,4,7,8,3,8,8,"Drink Last Night, Eat well, Stay Hydrated, Exercise, Have a lot of work, Enjoy the weather, Interact with others"
10/12/2023 5:17:16,2,3,2,5,4,5,5,1,3,5,"Eat well, Stay Hydrated, Exercise, Enjoy the weather, Interact with others"
10/15/2023 23:57:45,7,3,3,8,2,7,7,7,9,5,"Eat well, Stay Hydrated"
10/17/2023 0:37:01,7,8,9,3,8,8,5,2,4,4,"Eat well, Stay Hydrated, Exercise, Have a lot of work, Enjoy the weather, Interact with others"
10/21/2023 2:26:20,3,4,1,7,1,7,5,7,7,7,"Drink Last Night, Get less than 8 hours of sleep, Eat well, Stay Hydrated, Interact with others"
10/25/2023 0:24:26,4,4,6,1,6,4,6,4,7,5,"Get less than 8 hours of sleep, Eat well, Stay Hydrated, Enjoy the weather, Interact with others"
10/26/2023 1:00:18,8,8,9,5,7,4,4,8,7,5,"Get less than 8 hours of sleep, Eat well, Stay Hydrated, Exercise, Have a lot of work, Enjoy the weather, Interact with others"
10/26/2023 23:39:01,5,6,2,10,4,5,5,6,9,8,"Get less than 8 hours of sleep, Exercise, Interact with others"
10/29/2023 2:31:07,3,5,6,7,3,8,8,7,9,7,"Stay Hydrated, Enjoy the weather, Interact with others"
10/29/2023 23:49:42,5,7,8,4,7,8,5,8,9,5,"Drink Last Night, Have a lot of work, Interact with others"
11/2/2023 0:00:52,9,2,9,5,7,8,7,2,2,7,"Eat well, Stay Hydrated, Have a lot of work, Interact with others"
11/6/2023 0:06:19,2,6,5,2,3,7,7,2,4,5,"Drink Last Night, Eat well, Stay Hydrated, Enjoy the weather, Interact with others"
11/6/2023 23:58:35,3,7,3,5,4,8,7,8,8,5,"Eat well, Stay Hydrated, Exercise, Interact with others"
11/7/2023 23:41:36,4,6,6,6,3,7,7,7,4,5,"Eat well, Stay Hydrated, Exercise, Have a lot of work, Enjoy the weather, Interact with others"
11/13/2023 0:04:24,4,8,7,7,4,6,7,5,7,5,"Stay Hydrated, Exercise, Interact with others"
11/14/2023 0:43:11,7,7,8,9,6,8,8,4,8,5,"Eat well, Stay Hydrated, Exercise, Interact with others"
11/15/2023 0:31:46,3,7,3,7,3,5,6,2,2,3,"Drink Last Night, Eat well, Stay Hydrated, Interact with others"
11/17/2023 0:09:27,2,7,4,7,4,7,7,2,8,5,"Drink Last Night, Eat well, Stay Hydrated, Exercise, Enjoy the weather, Interact with others"
11/21/2023 23:34:11,5,3,8,7,6,7,6,8,6,5,"Eat well, Stay Hydrated, Interact with others"
11/23/2023 9:50:14,6,6,7,3,2,5,5,3,8,3,"Eat well, Exercise, Enjoy the weather, Interact with others"
11/23/2023 22:35:37,2,3,4,5,5,8,6,6,9,5,"Eat well, Stay Hydrated, Interact with others"
11/24/2023 22:57:45,5,5,5,5,5,7,8,8,9,4,"Drink Last Night, Eat well, Enjoy the weather, Interact with others"